question_id,poll_id,cycle,state,pollster_id,pollster,sponsor_ids,sponsors,display_name,pollster_rating_id,pollster_rating_name,fte_grade,sample_size,population,population_full,methodology,office_type,seat_number,seat_name,start_date,end_date,election_date,sponsor_candidate,internal,partisan,tracking,nationwide_batch,ranked_choice_reallocated,created_at,notes,url,stage,race_id,answer,candidate_id,candidate_name,candidate_party,pct
148826,77162,2022,Alaska,242,Alaska Survey Research,"","",Alaska Survey Research,155,Alaska Survey Research,B/C,969,rv,rv,Live Phone,U.S. Senate,2,Class III,10/22/21,10/27/21,11/8/22,"",false,,,false,false,11/1/21 16:53,"",https://twitter.com/IvanMoore1/status/1455265738650910722,general,8918,Gray-Jackson,28561,Elvi Gray-Jackson,DEM,22.0
148826,77162,2022,Alaska,242,Alaska Survey Research,"","",Alaska Survey Research,155,Alaska Survey Research,B/C,969,rv,rv,Live Phone,U.S. Senate,2,Class III,10/22/21,10/27/21,11/8/22,"",false,,,false,false,11/1/21 16:53,"",https://twitter.com/IvanMoore1/status/1455265738650910722,general,8918,Murkowski,21152,Lisa Murkowski,REP,35.0
148826,77162,2022,Alaska,242,Alaska Survey Research,"","",Alaska Survey Research,155,Alaska Survey Research,B/C,969,rv,rv,Live Phone,U.S. Senate,2,Class III,10/22/21,10/27/21,11/8/22,"",false,,,false,false,11/1/21 16:53,"",https://twitter.com/IvanMoore1/status/1455265738650910722,general,8918,Palin,28697,Sarah Palin,REP,20.0
148826,77162,2022,Alaska,242,Alaska Survey Research,"","",Alaska Survey Research,155,Alaska Survey Research,B/C,969,rv,rv,Live Phone,U.S. Senate,2,Class III,10/22/21,10/27/21,11/8/22,"",false,,,false,false,11/1/21 16:53,"",https://twitter.com/IvanMoore1/status/1455265738650910722,general,8918,Tshibaka,21151,Kelly Tshibaka,REP,23.0
148827,77162,2022,Alaska,242,Alaska Survey Research,"","",Alaska Survey Research,155,Alaska Survey Research,B/C,969,rv,rv,Live Phone,U.S. Senate,2,Class III,10/22/21,10/27/21,11/8/22,"",false,,,false,true,11/1/21 16:53,"",https://twitter.com/IvanMoore1/status/1455265738650910722,general,8918,Murkowski,21152,Lisa Murkowski,REP,60.0
148827,77162,2022,Alaska,242,Alaska Survey Research,"","",Alaska Survey Research,155,Alaska Survey Research,B/C,969,rv,rv,Live Phone,U.S. Senate,2,Class III,10/22/21,10/27/21,11/8/22,"",false,,,false,true,11/1/21 16:53,"",https://twitter.com/IvanMoore1/status/1455265738650910722,general,8918,Tshibaka,21151,Kelly Tshibaka,REP,40.0
148582,77047,2022,New Hampshire,446,Saint Anselm College,"","",Saint Anselm College,494,Saint Anselm College,A/B,1323,rv,rv,Online,U.S. Senate,2,Class III,10/20/21,10/22/21,11/8/22,"",false,,,false,false,10/26/21 20:23,"",https://www.anselm.edu/sites/default/files/Documents/NHIOP/Polls/SACSurveyBook1021.pdf,general,8938,Hassan,18225,Margaret Wood Hassan,DEM,41.0
148582,77047,2022,New Hampshire,446,Saint Anselm College,"","",Saint Anselm College,494,Saint Anselm College,A/B,1323,rv,rv,Online,U.S. Senate,2,Class III,10/20/21,10/22/21,11/8/22,"",false,,,false,false,10/26/21 20:23,"",https://www.anselm.edu/sites/default/files/Documents/NHIOP/Polls/SACSurveyBook1021.pdf,general,8938,Sununu,18226,Christopher Sununu,REP,46.0
146812,77034,2022,Iowa,1347,Cygnal,1733,Iowans for Tax Relief Foundation,Cygnal,67,Cygnal,B+,600,lv,lv,IVR/Online/Text,U.S. Senate,2,Class III,10/18/21,10/19/21,11/8/22,"",false,REP,,false,false,10/25/21 15:56,"",https://itrfoundation.org/iowa-voters-sour-on-biden-like-reynolds-grassley-and-trump/,general,8930,Finkenauer,28660,Abby Finkenauer,DEM,38.6
146812,77034,2022,Iowa,1347,Cygnal,1733,Iowans for Tax Relief Foundation,Cygnal,67,Cygnal,B+,600,lv,lv,IVR/Online/Text,U.S. Senate,2,Class III,10/18/21,10/19/21,11/8/22,"",false,REP,,false,false,10/25/21 15:56,"",https://itrfoundation.org/iowa-voters-sour-on-biden-like-reynolds-grassley-and-trump/,general,8930,Grassley,28661,Chuck Grassley,REP,55.2
146644,76906,2022,New Hampshire,525,University of New Hampshire,"","",University of New Hampshire,357,University of New Hampshire,B-,979,lv,lv,Online,U.S. Senate,2,Class III,10/14/21,10/18/21,11/8/22,"",false,,,false,false,10/21/21 10:39,"",https://scholars.unh.edu/survey_center_polls/674/,general,8938,Hassan,18225,Margaret Wood Hassan,DEM,42.0
146644,76906,2022,New Hampshire,525,University of New Hampshire,"","",University of New Hampshire,357,University of New Hampshire,B-,979,lv,lv,Online,U.S. Senate,2,Class III,10/14/21,10/18/21,11/8/22,"",false,,,false,false,10/21/21 10:39,"",https://scholars.unh.edu/survey_center_polls/674/,general,8938,Sununu,18226,Christopher Sununu,REP,45.0
146645,76906,2022,New Hampshire,525,University of New Hampshire,"","",University of New Hampshire,357,University of New Hampshire,B-,979,lv,lv,Online,U.S. Senate,2,Class III,10/14/21,10/18/21,11/8/22,"",false,,,false,false,10/21/21 10:39,"",https://scholars.unh.edu/survey_center_polls/674/,general,8938,Hassan,18225,Margaret Wood Hassan,DEM,47.0
146645,76906,2022,New Hampshire,525,University of New Hampshire,"","",University of New Hampshire,357,University of New Hampshire,B-,979,lv,lv,Online,U.S. Senate,2,Class III,10/14/21,10/18/21,11/8/22,"",false,,,false,false,10/21/21 10:39,"",https://scholars.unh.edu/survey_center_polls/674/,general,8938,Bolduc,18228,Don Bolduc,REP,42.0
146646,76906,2022,New Hampshire,525,University of New Hampshire,"","",University of New Hampshire,357,University of New Hampshire,B-,979,lv,lv,Online,U.S. Senate,2,Class III,10/14/21,10/18/21,11/8/22,"",false,,,false,false,10/21/21 10:39,"",https://scholars.unh.edu/survey_center_polls/674/,general,8938,Hassan,18225,Margaret Wood Hassan,DEM,44.0
146646,76906,2022,New Hampshire,525,University of New Hampshire,"","",University of New Hampshire,357,University of New Hampshire,B-,979,lv,lv,Online,U.S. Senate,2,Class III,10/14/21,10/18/21,11/8/22,"",false,,,false,false,10/21/21 10:39,"",https://scholars.unh.edu/survey_center_polls/674/,general,8938,Ayotte,18227,Kelly Ayotte,REP,43.0
146658,76921,2022,Missouri,147,"Fabrizio, Lee & Associates","","","Fabrizio, Lee & Associates",90,"Fabrizio, Lee & Associates",B/C,600,lv,lv,Live Phone/Text,U.S. Senate,2,Class III,10/3/21,10/4/21,11/8/22,Eric Greitens,true,REP,,false,false,10/21/21 11:50,"",https://www.scribd.com/document/533981025/US-Senate-Race-poll-released-by-Eric-Greitens,general,8936,Sifton,19216,Scott Sifton,DEM,40.0
146658,76921,2022,Missouri,147,"Fabrizio, Lee & Associates","","","Fabrizio, Lee & Associates",90,"Fabrizio, Lee & Associates",B/C,600,lv,lv,Live Phone/Text,U.S. Senate,2,Class III,10/3/21,10/4/21,11/8/22,Eric Greitens,true,REP,,false,false,10/21/21 11:50,"",https://www.scribd.com/document/533981025/US-Senate-Race-poll-released-by-Eric-Greitens,general,8936,Greitens,19217,Eric Greitens,REP,46.0
146659,76921,2022,Missouri,147,"Fabrizio, Lee & Associates","","","Fabrizio, Lee & Associates",90,"Fabrizio, Lee & Associates",B/C,600,lv,lv,Live Phone/Text,U.S. Senate,2,Class III,10/3/21,10/4/21,11/8/22,Eric Greitens,true,REP,,false,false,10/21/21 11:52,"",https://www.scribd.com/document/533981025/US-Senate-Race-poll-released-by-Eric-Greitens,general,8936,Kunce,28688,Lucas Kunce,DEM,40.0
146659,76921,2022,Missouri,147,"Fabrizio, Lee & Associates","","","Fabrizio, Lee & Associates",90,"Fabrizio, Lee & Associates",B/C,600,lv,lv,Live Phone/Text,U.S. Senate,2,Class III,10/3/21,10/4/21,11/8/22,Eric Greitens,true,REP,,false,false,10/21/21 11:52,"",https://www.scribd.com/document/533981025/US-Senate-Race-poll-released-by-Eric-Greitens,general,8936,Greitens,19217,Eric Greitens,REP,47.0
146024,76584,2022,Florida,1425,VCreek/AMG,1523,Americas PAC,VCreek/AMG,501,VCreek/AMG,B/C,405,lv,lv,Live Phone,U.S. Senate,2,Class III,9/23/21,9/27/21,11/8/22,"",false,REP,,false,false,10/1/21 12:07,"",https://www.vcreek.com/wp-content/uploads/FL_Senate_9_21_VCreekMemo.pdf,general,8924,Demings,25620,Val Demings,DEM,38.0
146024,76584,2022,Florida,1425,VCreek/AMG,1523,Americas PAC,VCreek/AMG,501,VCreek/AMG,B/C,405,lv,lv,Live Phone,U.S. Senate,2,Class III,9/23/21,9/27/21,11/8/22,"",false,REP,,false,false,10/1/21 12:07,"",https://www.vcreek.com/wp-content/uploads/FL_Senate_9_21_VCreekMemo.pdf,general,8924,Rubio,25621,Marco Rubio,REP,42.0
146025,76584,2022,Florida,1425,VCreek/AMG,1523,Americas PAC,VCreek/AMG,501,VCreek/AMG,B/C,405,lv,lv,Live Phone,U.S. Senate,2,Class III,9/23/21,9/27/21,11/8/22,"",false,REP,,false,false,10/1/21 12:07,"",https://www.vcreek.com/wp-content/uploads/FL_Senate_9_21_VCreekMemo.pdf,general,8924,Grayson,28601,Alan Grayson,DEM,32.0
146025,76584,2022,Florida,1425,VCreek/AMG,1523,Americas PAC,VCreek/AMG,501,VCreek/AMG,B/C,405,lv,lv,Live Phone,U.S. Senate,2,Class III,9/23/21,9/27/21,11/8/22,"",false,REP,,false,false,10/1/21 12:07,"",https://www.vcreek.com/wp-content/uploads/FL_Senate_9_21_VCreekMemo.pdf,general,8924,Rubio,25621,Marco Rubio,REP,44.0
146051,76603,2022,Nevada,299,Mellman Group,944,The Nevada Independent,Mellman Group,205,Mellman Group,B/C,600,lv,lv,Live Phone/Text,U.S. Senate,2,Class III,9/15/21,9/22/21,11/8/22,"",false,,,false,false,10/3/21 20:27,"",https://thenevadaindependent.com/article/independent-poll-sisolak-cortez-masto-hold-slim-leads-over-likely-gop-opponents,general,8937,Cortez Masto,28593,Catherine Cortez Masto,DEM,45.5
146051,76603,2022,Nevada,299,Mellman Group,944,The Nevada Independent,Mellman Group,205,Mellman Group,B/C,600,lv,lv,Live Phone/Text,U.S. Senate,2,Class III,9/15/21,9/22/21,11/8/22,"",false,,,false,false,10/3/21 20:27,"",https://thenevadaindependent.com/article/independent-poll-sisolak-cortez-masto-hold-slim-leads-over-likely-gop-opponents,general,8937,Laxalt,28594,Adam Paul Laxalt,REP,41.2
145482,76366,2022,Iowa,437,Selzer & Co.,"52,613",Des Moines Register | Mediacom,Selzer & Co.,304,Selzer & Co.,A+,620,lv,lv,Live Phone,U.S. Senate,2,Class III,9/12/21,9/15/21,11/8/22,"",false,,,false,false,9/21/21 08:35,"",https://www.documentcloud.org/documents/21066409-grassley-iowa-poll,general,8930,Finkenauer,28660,Abby Finkenauer,DEM,37.0
145482,76366,2022,Iowa,437,Selzer & Co.,"52,613",Des Moines Register | Mediacom,Selzer & Co.,304,Selzer & Co.,A+,620,lv,lv,Live Phone,U.S. Senate,2,Class III,9/12/21,9/15/21,11/8/22,"",false,,,false,false,9/21/21 08:35,"",https://www.documentcloud.org/documents/21066409-grassley-iowa-poll,general,8930,Grassley,28661,Chuck Grassley,REP,55.0
145855,76506,2022,Nevada,1418,WPA Intelligence (WPAi),"","",WPA Intelligence,383,WPA Intelligence (WPAi),B/C,504,lv,lv,Live Phone,U.S. Senate,2,Class III,9/11/21,9/15/21,11/8/22,Adam Paul Laxalt,true,REP,,false,false,9/28/21 21:38,"",https://www.washingtonexaminer.com/news/campaigns/adam-laxalt-edges-catherine-cortez-masto-nevada-poll,general,8937,Cortez Masto,28593,Catherine Cortez Masto,DEM,37.0
145855,76506,2022,Nevada,1418,WPA Intelligence (WPAi),"","",WPA Intelligence,383,WPA Intelligence (WPAi),B/C,504,lv,lv,Live Phone,U.S. Senate,2,Class III,9/11/21,9/15/21,11/8/22,Adam Paul Laxalt,true,REP,,false,false,9/28/21 21:38,"",https://www.washingtonexaminer.com/news/campaigns/adam-laxalt-edges-catherine-cortez-masto-nevada-poll,general,8937,Laxalt,28594,Adam Paul Laxalt,REP,39.0
145537,76406,2022,Colorado,1497,co/efficient,"","",co/efficient,514,co/efficient,B/C,742,lv,lv,IVR/Text,U.S. Senate,2,Class III,9/9/21,9/12/21,11/8/22,Eli Bremer,true,REP,,false,false,9/21/21 17:34,"",https://www.coloradopolitics.com/news/poll-conducted-for-bennet-challenger-eli-bremer-finds-republican-within-striking-distance/article_eda2f59c-1b0b-11ec-8dab-cbae9a3e35d1.html,general,8922,Bennet,28366,Michael F. Bennet,DEM,40.0
145537,76406,2022,Colorado,1497,co/efficient,"","",co/efficient,514,co/efficient,B/C,742,lv,lv,IVR/Text,U.S. Senate,2,Class III,9/9/21,9/12/21,11/8/22,Eli Bremer,true,REP,,false,false,9/21/21 17:34,"",https://www.coloradopolitics.com/news/poll-conducted-for-bennet-challenger-eli-bremer-finds-republican-within-striking-distance/article_eda2f59c-1b0b-11ec-8dab-cbae9a3e35d1.html,general,8922,Bremer,28663,Eli Bremer,REP,32.0
145967,76546,2022,Arizona,1293,OH Predictive Insights,"","",OH Predictive Insights,235,OH Predictive Insights,B/C,882,rv,rv,Online,U.S. Senate,2,Class III,9/7/21,9/12/21,11/8/22,"",false,,,false,false,9/30/21 08:37,"",https://blog.ohpredictive.com/press-releases/kelly-leads-in-all-head-to-head-matchups,general,8919,Kelly,20633,Mark Kelly,DEM,44.0
145967,76546,2022,Arizona,1293,OH Predictive Insights,"","",OH Predictive Insights,235,OH Predictive Insights,B/C,882,rv,rv,Online,U.S. Senate,2,Class III,9/7/21,9/12/21,11/8/22,"",false,,,false,false,9/30/21 08:37,"",https://blog.ohpredictive.com/press-releases/kelly-leads-in-all-head-to-head-matchups,general,8919,McGuire,20639,Michael T. McGuire,REP,37.0
145968,76546,2022,Arizona,1293,OH Predictive Insights,"","",OH Predictive Insights,235,OH Predictive Insights,B/C,882,rv,rv,Online,U.S. Senate,2,Class III,9/7/21,9/12/21,11/8/22,"",false,,,false,false,9/30/21 08:37,"",https://blog.ohpredictive.com/press-releases/kelly-leads-in-all-head-to-head-matchups,general,8919,Kelly,20633,Mark Kelly,DEM,43.0
145968,76546,2022,Arizona,1293,OH Predictive Insights,"","",OH Predictive Insights,235,OH Predictive Insights,B/C,882,rv,rv,Online,U.S. Senate,2,Class III,9/7/21,9/12/21,11/8/22,"",false,,,false,false,9/30/21 08:37,"",https://blog.ohpredictive.com/press-releases/kelly-leads-in-all-head-to-head-matchups,general,8919,Brnovich,20640,Mark Brnovich,REP,39.0
145969,76546,2022,Arizona,1293,OH Predictive Insights,"","",OH Predictive Insights,235,OH Predictive Insights,B/C,882,rv,rv,Online,U.S. Senate,2,Class III,9/7/21,9/12/21,11/8/22,"",false,,,false,false,9/30/21 08:39,"",https://blog.ohpredictive.com/press-releases/kelly-leads-in-all-head-to-head-matchups,general,8919,Kelly,20633,Mark Kelly,DEM,43.0
145969,76546,2022,Arizona,1293,OH Predictive Insights,"","",OH Predictive Insights,235,OH Predictive Insights,B/C,882,rv,rv,Online,U.S. Senate,2,Class III,9/7/21,9/12/21,11/8/22,"",false,,,false,false,9/30/21 08:39,"",https://blog.ohpredictive.com/press-releases/kelly-leads-in-all-head-to-head-matchups,general,8919,Lamon,28667,Jim Lamon,REP,36.0
145970,76546,2022,Arizona,1293,OH Predictive Insights,"","",OH Predictive Insights,235,OH Predictive Insights,B/C,882,rv,rv,Online,U.S. Senate,2,Class III,9/7/21,9/12/21,11/8/22,"",false,,,false,false,9/30/21 08:39,"",https://blog.ohpredictive.com/press-releases/kelly-leads-in-all-head-to-head-matchups,general,8919,Kelly,20633,Mark Kelly,DEM,44.0
145970,76546,2022,Arizona,1293,OH Predictive Insights,"","",OH Predictive Insights,235,OH Predictive Insights,B/C,882,rv,rv,Online,U.S. Senate,2,Class III,9/7/21,9/12/21,11/8/22,"",false,,,false,false,9/30/21 08:39,"",https://blog.ohpredictive.com/press-releases/kelly-leads-in-all-head-to-head-matchups,general,8919,Masters,28668,Blake Masters,REP,35.0
145521,76396,2022,Wisconsin,921,Clarity Campaign Labs,"","",Clarity Campaign Labs,52,Clarity Campaign Labs,B/C,756,lv,lv,IVR/Live Phone,U.S. Senate,2,Class III,9/8/21,9/11/21,11/8/22,Mandela Barnes,true,DEM,,false,false,9/21/21 12:30,"",https://twitter.com/AndrewSolender/status/1440335681843126289,general,8951,Barnes,28662,Mandela Barnes,DEM,43.0
145521,76396,2022,Wisconsin,921,Clarity Campaign Labs,"","",Clarity Campaign Labs,52,Clarity Campaign Labs,B/C,756,lv,lv,IVR/Live Phone,U.S. Senate,2,Class III,9/8/21,9/11/21,11/8/22,Mandela Barnes,true,DEM,,false,false,9/21/21 12:30,"",https://twitter.com/AndrewSolender/status/1440335681843126289,general,8951,Johnson,19211,Ron Johnson,REP,43.0
144585,75811,2022,New Hampshire,446,Saint Anselm College,"","",Saint Anselm College,494,Saint Anselm College,A/B,1855,rv,rv,Online,U.S. Senate,2,Class III,8/24/21,8/26/21,11/8/22,"",false,,,false,false,8/31/21 19:40,"",https://www.anselm.edu/sites/default/files/Documents/NHIOP/Polls/SACSurveyBook821.pdf,general,8938,Hassan,18225,Margaret Wood Hassan,DEM,41.0
144585,75811,2022,New Hampshire,446,Saint Anselm College,"","",Saint Anselm College,494,Saint Anselm College,A/B,1855,rv,rv,Online,U.S. Senate,2,Class III,8/24/21,8/26/21,11/8/22,"",false,,,false,false,8/31/21 19:40,"",https://www.anselm.edu/sites/default/files/Documents/NHIOP/Polls/SACSurveyBook821.pdf,general,8938,Sununu,18226,Christopher Sununu,REP,49.0
144759,75907,2022,Florida,1562,Redfield & Wilton Strategies,"","",Redfield & Wilton Strategies,562,Redfield & Wilton Strategies,B/C,1000,rv,rv,Online,U.S. Senate,2,Class III,8/20/21,8/24/21,11/8/22,"",false,,,false,false,9/7/21 14:27,"",https://redfieldandwiltonstrategies.com/the-view-from-florida-approval-of-political-leaders-and-hypothetical-voting-intention/?utm_source=rss&utm_medium=rss&utm_campaign=the-view-from-florida-approval-of-political-leaders-and-hypothetical-voting-intention,general,8924,Grayson,28601,Alan Grayson,DEM,33.0
144759,75907,2022,Florida,1562,Redfield & Wilton Strategies,"","",Redfield & Wilton Strategies,562,Redfield & Wilton Strategies,B/C,1000,rv,rv,Online,U.S. Senate,2,Class III,8/20/21,8/24/21,11/8/22,"",false,,,false,false,9/7/21 14:27,"",https://redfieldandwiltonstrategies.com/the-view-from-florida-approval-of-political-leaders-and-hypothetical-voting-intention/?utm_source=rss&utm_medium=rss&utm_campaign=the-view-from-florida-approval-of-political-leaders-and-hypothetical-voting-intention,general,8924,Rubio,25621,Marco Rubio,REP,46.0
144760,75907,2022,Florida,1562,Redfield & Wilton Strategies,"","",Redfield & Wilton Strategies,562,Redfield & Wilton Strategies,B/C,1000,rv,rv,Online,U.S. Senate,2,Class III,8/20/21,8/24/21,11/8/22,"",false,,,false,false,9/7/21 14:27,"",https://redfieldandwiltonstrategies.com/the-view-from-florida-approval-of-political-leaders-and-hypothetical-voting-intention/?utm_source=rss&utm_medium=rss&utm_campaign=the-view-from-florida-approval-of-political-leaders-and-hypothetical-voting-intention,general,8924,Demings,25620,Val Demings,DEM,34.0
144760,75907,2022,Florida,1562,Redfield & Wilton Strategies,"","",Redfield & Wilton Strategies,562,Redfield & Wilton Strategies,B/C,1000,rv,rv,Online,U.S. Senate,2,Class III,8/20/21,8/24/21,11/8/22,"",false,,,false,false,9/7/21 14:27,"",https://redfieldandwiltonstrategies.com/the-view-from-florida-approval-of-political-leaders-and-hypothetical-voting-intention/?utm_source=rss&utm_medium=rss&utm_campaign=the-view-from-florida-approval-of-political-leaders-and-hypothetical-voting-intention,general,8924,Rubio,25621,Marco Rubio,REP,46.0
144761,75907,2022,Florida,1562,Redfield & Wilton Strategies,"","",Redfield & Wilton Strategies,562,Redfield & Wilton Strategies,B/C,1000,lv,lv,Online,U.S. Senate,2,Class III,8/20/21,8/24/21,11/8/22,"",false,,,false,false,9/7/21 14:27,"",https://redfieldandwiltonstrategies.com/the-view-from-florida-approval-of-political-leaders-and-hypothetical-voting-intention/?utm_source=rss&utm_medium=rss&utm_campaign=the-view-from-florida-approval-of-political-leaders-and-hypothetical-voting-intention,general,8924,Grayson,28601,Alan Grayson,DEM,36.0
144761,75907,2022,Florida,1562,Redfield & Wilton Strategies,"","",Redfield & Wilton Strategies,562,Redfield & Wilton Strategies,B/C,1000,lv,lv,Online,U.S. Senate,2,Class III,8/20/21,8/24/21,11/8/22,"",false,,,false,false,9/7/21 14:27,"",https://redfieldandwiltonstrategies.com/the-view-from-florida-approval-of-political-leaders-and-hypothetical-voting-intention/?utm_source=rss&utm_medium=rss&utm_campaign=the-view-from-florida-approval-of-political-leaders-and-hypothetical-voting-intention,general,8924,Rubio,25621,Marco Rubio,REP,48.0
144762,75907,2022,Florida,1562,Redfield & Wilton Strategies,"","",Redfield & Wilton Strategies,562,Redfield & Wilton Strategies,B/C,1000,lv,lv,Online,U.S. Senate,2,Class III,8/20/21,8/24/21,11/8/22,"",false,,,false,false,9/7/21 14:27,"",https://redfieldandwiltonstrategies.com/the-view-from-florida-approval-of-political-leaders-and-hypothetical-voting-intention/?utm_source=rss&utm_medium=rss&utm_campaign=the-view-from-florida-approval-of-political-leaders-and-hypothetical-voting-intention,general,8924,Demings,25620,Val Demings,DEM,37.0
144762,75907,2022,Florida,1562,Redfield & Wilton Strategies,"","",Redfield & Wilton Strategies,562,Redfield & Wilton Strategies,B/C,1000,lv,lv,Online,U.S. Senate,2,Class III,8/20/21,8/24/21,11/8/22,"",false,,,false,false,9/7/21 14:27,"",https://redfieldandwiltonstrategies.com/the-view-from-florida-approval-of-political-leaders-and-hypothetical-voting-intention/?utm_source=rss&utm_medium=rss&utm_campaign=the-view-from-florida-approval-of-political-leaders-and-hypothetical-voting-intention,general,8924,Rubio,25621,Marco Rubio,REP,48.0
144818,75936,2022,Ohio,1562,Redfield & Wilton Strategies,"","",Redfield & Wilton Strategies,562,Redfield & Wilton Strategies,B/C,1200,rv,rv,Online,U.S. Senate,2,Class III,8/20/21,8/24/21,11/8/22,"",false,,,false,false,9/8/21 11:48,"",https://redfieldandwiltonstrategies.com/the-view-from-ohio-approval-of-political-leaders-and-hypothetical-voting-intention/?utm_source=rss&utm_medium=rss&utm_campaign=the-view-from-ohio-approval-of-political-leaders-and-hypothetical-voting-intention,general,8942,Ryan,19168,Tim Ryan,DEM,36.0
144818,75936,2022,Ohio,1562,Redfield & Wilton Strategies,"","",Redfield & Wilton Strategies,562,Redfield & Wilton Strategies,B/C,1200,rv,rv,Online,U.S. Senate,2,Class III,8/20/21,8/24/21,11/8/22,"",false,,,false,false,9/8/21 11:48,"",https://redfieldandwiltonstrategies.com/the-view-from-ohio-approval-of-political-leaders-and-hypothetical-voting-intention/?utm_source=rss&utm_medium=rss&utm_campaign=the-view-from-ohio-approval-of-political-leaders-and-hypothetical-voting-intention,general,8942,Vance,19167,James David Vance,REP,33.0
144819,75936,2022,Ohio,1562,Redfield & Wilton Strategies,"","",Redfield & Wilton Strategies,562,Redfield & Wilton Strategies,B/C,1200,rv,rv,Online,U.S. Senate,2,Class III,8/20/21,8/24/21,11/8/22,"",false,,,false,false,9/8/21 11:48,"",https://redfieldandwiltonstrategies.com/the-view-from-ohio-approval-of-political-leaders-and-hypothetical-voting-intention/?utm_source=rss&utm_medium=rss&utm_campaign=the-view-from-ohio-approval-of-political-leaders-and-hypothetical-voting-intention,general,8942,Ryan,19168,Tim Ryan,DEM,36.0
144819,75936,2022,Ohio,1562,Redfield & Wilton Strategies,"","",Redfield & Wilton Strategies,562,Redfield & Wilton Strategies,B/C,1200,rv,rv,Online,U.S. Senate,2,Class III,8/20/21,8/24/21,11/8/22,"",false,,,false,false,9/8/21 11:48,"",https://redfieldandwiltonstrategies.com/the-view-from-ohio-approval-of-political-leaders-and-hypothetical-voting-intention/?utm_source=rss&utm_medium=rss&utm_campaign=the-view-from-ohio-approval-of-political-leaders-and-hypothetical-voting-intention,general,8942,Timken,19165,Jane Timken,REP,33.0
144820,75936,2022,Ohio,1562,Redfield & Wilton Strategies,"","",Redfield & Wilton Strategies,562,Redfield & Wilton Strategies,B/C,1200,rv,rv,Online,U.S. Senate,2,Class III,8/20/21,8/24/21,11/8/22,"",false,,,false,false,9/8/21 11:48,"",https://redfieldandwiltonstrategies.com/the-view-from-ohio-approval-of-political-leaders-and-hypothetical-voting-intention/?utm_source=rss&utm_medium=rss&utm_campaign=the-view-from-ohio-approval-of-political-leaders-and-hypothetical-voting-intention,general,8942,Ryan,19168,Tim Ryan,DEM,36.0
144820,75936,2022,Ohio,1562,Redfield & Wilton Strategies,"","",Redfield & Wilton Strategies,562,Redfield & Wilton Strategies,B/C,1200,rv,rv,Online,U.S. Senate,2,Class III,8/20/21,8/24/21,11/8/22,"",false,,,false,false,9/8/21 11:48,"",https://redfieldandwiltonstrategies.com/the-view-from-ohio-approval-of-political-leaders-and-hypothetical-voting-intention/?utm_source=rss&utm_medium=rss&utm_campaign=the-view-from-ohio-approval-of-political-leaders-and-hypothetical-voting-intention,general,8942,Mandel,19164,Josh Mandel,REP,38.0
144821,75936,2022,Ohio,1562,Redfield & Wilton Strategies,"","",Redfield & Wilton Strategies,562,Redfield & Wilton Strategies,B/C,1200,lv,lv,Online,U.S. Senate,2,Class III,8/20/21,8/24/21,11/8/22,"",false,,,false,false,9/8/21 11:48,"",https://redfieldandwiltonstrategies.com/the-view-from-ohio-approval-of-political-leaders-and-hypothetical-voting-intention/?utm_source=rss&utm_medium=rss&utm_campaign=the-view-from-ohio-approval-of-political-leaders-and-hypothetical-voting-intention,general,8942,Ryan,19168,Tim Ryan,DEM,37.0
144821,75936,2022,Ohio,1562,Redfield & Wilton Strategies,"","",Redfield & Wilton Strategies,562,Redfield & Wilton Strategies,B/C,1200,lv,lv,Online,U.S. Senate,2,Class III,8/20/21,8/24/21,11/8/22,"",false,,,false,false,9/8/21 11:48,"",https://redfieldandwiltonstrategies.com/the-view-from-ohio-approval-of-political-leaders-and-hypothetical-voting-intention/?utm_source=rss&utm_medium=rss&utm_campaign=the-view-from-ohio-approval-of-political-leaders-and-hypothetical-voting-intention,general,8942,Vance,19167,James David Vance,REP,36.0
144822,75936,2022,Ohio,1562,Redfield & Wilton Strategies,"","",Redfield & Wilton Strategies,562,Redfield & Wilton Strategies,B/C,1200,lv,lv,Online,U.S. Senate,2,Class III,8/20/21,8/24/21,11/8/22,"",false,,,false,false,9/8/21 11:48,"",https://redfieldandwiltonstrategies.com/the-view-from-ohio-approval-of-political-leaders-and-hypothetical-voting-intention/?utm_source=rss&utm_medium=rss&utm_campaign=the-view-from-ohio-approval-of-political-leaders-and-hypothetical-voting-intention,general,8942,Ryan,19168,Tim Ryan,DEM,38.0
144822,75936,2022,Ohio,1562,Redfield & Wilton Strategies,"","",Redfield & Wilton Strategies,562,Redfield & Wilton Strategies,B/C,1200,lv,lv,Online,U.S. Senate,2,Class III,8/20/21,8/24/21,11/8/22,"",false,,,false,false,9/8/21 11:48,"",https://redfieldandwiltonstrategies.com/the-view-from-ohio-approval-of-political-leaders-and-hypothetical-voting-intention/?utm_source=rss&utm_medium=rss&utm_campaign=the-view-from-ohio-approval-of-political-leaders-and-hypothetical-voting-intention,general,8942,Timken,19165,Jane Timken,REP,36.0
144823,75936,2022,Ohio,1562,Redfield & Wilton Strategies,"","",Redfield & Wilton Strategies,562,Redfield & Wilton Strategies,B/C,1200,lv,lv,Online,U.S. Senate,2,Class III,8/20/21,8/24/21,11/8/22,"",false,,,false,false,9/8/21 11:48,"",https://redfieldandwiltonstrategies.com/the-view-from-ohio-approval-of-political-leaders-and-hypothetical-voting-intention/?utm_source=rss&utm_medium=rss&utm_campaign=the-view-from-ohio-approval-of-political-leaders-and-hypothetical-voting-intention,general,8942,Ryan,19168,Tim Ryan,DEM,37.0
144823,75936,2022,Ohio,1562,Redfield & Wilton Strategies,"","",Redfield & Wilton Strategies,562,Redfield & Wilton Strategies,B/C,1200,lv,lv,Online,U.S. Senate,2,Class III,8/20/21,8/24/21,11/8/22,"",false,,,false,false,9/8/21 11:48,"",https://redfieldandwiltonstrategies.com/the-view-from-ohio-approval-of-political-leaders-and-hypothetical-voting-intention/?utm_source=rss&utm_medium=rss&utm_campaign=the-view-from-ohio-approval-of-political-leaders-and-hypothetical-voting-intention,general,8942,Mandel,19164,Josh Mandel,REP,41.0
144398,75710,2022,Florida,1677,The Political Matrix/The Listener Group,"","",The Political Matrix/The Listener Group,677,The Political Matrix/The Listener Group,,1000,lv,lv,IVR,U.S. Senate,2,Class III,8/14/21,8/18/21,11/8/22,"",false,,,false,false,8/23/21 09:19,"",http://thelistenergroup.com/wp-content/uploads/2021/08/Rubio-Winning-DeSantis-is-Losing.pdf,general,8924,Demings,25620,Val Demings,DEM,45.1
144398,75710,2022,Florida,1677,The Political Matrix/The Listener Group,"","",The Political Matrix/The Listener Group,677,The Political Matrix/The Listener Group,,1000,lv,lv,IVR,U.S. Senate,2,Class III,8/14/21,8/18/21,11/8/22,"",false,,,false,false,8/23/21 09:19,"",http://thelistenergroup.com/wp-content/uploads/2021/08/Rubio-Winning-DeSantis-is-Losing.pdf,general,8924,Rubio,25621,Marco Rubio,REP,54.9
144234,75617,2022,Florida,1357,St. Pete Polls,"","",St. Pete Polls,314,St. Pete Polls,B+,2068,rv,rv,IVR,U.S. Senate,2,Class III,8/16/21,8/17/21,11/8/22,"",false,,,false,false,8/18/21 09:03,"",https://floridapolitics.com/wp-content/uploads/2021/08/Poll-of-Rubio-vs.-Demings.pdf,general,8924,Demings,25620,Val Demings,DEM,46.1
144234,75617,2022,Florida,1357,St. Pete Polls,"","",St. Pete Polls,314,St. Pete Polls,B+,2068,rv,rv,IVR,U.S. Senate,2,Class III,8/16/21,8/17/21,11/8/22,"",false,,,false,false,8/18/21 09:03,"",https://floridapolitics.com/wp-content/uploads/2021/08/Poll-of-Rubio-vs.-Demings.pdf,general,8924,Rubio,25621,Marco Rubio,REP,48.1
144428,75728,2022,Florida,1365,Change Research,1685,Future Majority PAC,Change Research,48,Change Research,B-,1585,lv,lv,Online,U.S. Senate,2,Class III,8/14/21,8/17/21,11/8/22,"",false,DEM,,false,false,8/23/21 19:40,"",https://futuremajority.org/wp-content/uploads/FM-Memo-August-23-2021-FL-VA-Freedom-and-Democracy.pdf,general,8924,Demings,25620,Val Demings,DEM,44.0
144428,75728,2022,Florida,1365,Change Research,1685,Future Majority PAC,Change Research,48,Change Research,B-,1585,lv,lv,Online,U.S. Senate,2,Class III,8/14/21,8/17/21,11/8/22,"",false,DEM,,false,false,8/23/21 19:40,"",https://futuremajority.org/wp-content/uploads/FM-Memo-August-23-2021-FL-VA-Freedom-and-Democracy.pdf,general,8924,Rubio,25621,Marco Rubio,REP,47.0
144469,75744,2022,Nevada,1425,VCreek/AMG,1523,Americas PAC,VCreek/AMG,501,VCreek/AMG,B/C,567,rv,rv,Live Phone,U.S. Senate,2,Class III,8/9/21,8/14/21,11/8/22,"",false,REP,,false,false,8/25/21 11:58,"",https://www.vcreek.com/wp-content/uploads/Nevada_Memo_USSenate_Aug_2021-1.pdf,general,8937,Cortez Masto,28593,Catherine Cortez Masto,DEM,32.0
144469,75744,2022,Nevada,1425,VCreek/AMG,1523,Americas PAC,VCreek/AMG,501,VCreek/AMG,B/C,567,rv,rv,Live Phone,U.S. Senate,2,Class III,8/9/21,8/14/21,11/8/22,"",false,REP,,false,false,8/25/21 11:58,"",https://www.vcreek.com/wp-content/uploads/Nevada_Memo_USSenate_Aug_2021-1.pdf,general,8937,Laxalt,28594,Adam Paul Laxalt,REP,42.0
144250,75620,2022,Florida,1688,Susquehanna Polling & Research Inc.,"","",BUSR/Susquehanna Polling & Research,326,Susquehanna Polling & Research Inc.,B+,700,rv,rv,Live Phone,U.S. Senate,2,Class III,8/4/21,8/10/21,11/8/22,"",false,,,false,false,8/18/21 10:05,"",https://busr.ag/florida-gubernatorial-poll,general,8924,Demings,25620,Val Demings,DEM,39.0
144250,75620,2022,Florida,1688,Susquehanna Polling & Research Inc.,"","",BUSR/Susquehanna Polling & Research,326,Susquehanna Polling & Research Inc.,B+,700,rv,rv,Live Phone,U.S. Senate,2,Class III,8/4/21,8/10/21,11/8/22,"",false,,,false,false,8/18/21 10:05,"",https://busr.ag/florida-gubernatorial-poll,general,8924,Rubio,25621,Marco Rubio,REP,50.0
143945,75459,2022,Georgia,383,Public Policy Polling,"","",Public Policy Polling,263,Public Policy Polling,A-,622,v,v,IVR/Text,U.S. Senate,2,Class III,8/4/21,8/5/21,11/8/22,"",false,,,false,false,8/6/21 08:33,"",https://www.publicpolicypolling.com/polls/georgia-still-closely-divided-walker-top-possible-gop-senate-candidate/,general,8925,Warnock,19086,Raphael Warnock,DEM,47.0
143945,75459,2022,Georgia,383,Public Policy Polling,"","",Public Policy Polling,263,Public Policy Polling,A-,622,v,v,IVR/Text,U.S. Senate,2,Class III,8/4/21,8/5/21,11/8/22,"",false,,,false,false,8/6/21 08:33,"",https://www.publicpolicypolling.com/polls/georgia-still-closely-divided-walker-top-possible-gop-senate-candidate/,general,8925,Loeffler,19089,Kelly Loeffler,REP,44.0
143946,75459,2022,Georgia,383,Public Policy Polling,"","",Public Policy Polling,263,Public Policy Polling,A-,622,v,v,IVR/Text,U.S. Senate,2,Class III,8/4/21,8/5/21,11/8/22,"",false,,,false,false,8/6/21 08:33,"",https://www.publicpolicypolling.com/polls/georgia-still-closely-divided-walker-top-possible-gop-senate-candidate/,general,8925,Warnock,19086,Raphael Warnock,DEM,48.0
143946,75459,2022,Georgia,383,Public Policy Polling,"","",Public Policy Polling,263,Public Policy Polling,A-,622,v,v,IVR/Text,U.S. Senate,2,Class III,8/4/21,8/5/21,11/8/22,"",false,,,false,false,8/6/21 08:33,"",https://www.publicpolicypolling.com/polls/georgia-still-closely-divided-walker-top-possible-gop-senate-candidate/,general,8925,Walker,19088,Herschel Walker,REP,46.0
143947,75459,2022,Georgia,383,Public Policy Polling,"","",Public Policy Polling,263,Public Policy Polling,A-,622,v,v,IVR/Text,U.S. Senate,2,Class III,8/4/21,8/5/21,11/8/22,"",false,,,false,false,8/6/21 08:34,"",https://www.publicpolicypolling.com/polls/georgia-still-closely-divided-walker-top-possible-gop-senate-candidate/,general,8925,Warnock,19086,Raphael Warnock,DEM,46.0
143947,75459,2022,Georgia,383,Public Policy Polling,"","",Public Policy Polling,263,Public Policy Polling,A-,622,v,v,IVR/Text,U.S. Senate,2,Class III,8/4/21,8/5/21,11/8/22,"",false,,,false,false,8/6/21 08:34,"",https://www.publicpolicypolling.com/polls/georgia-still-closely-divided-walker-top-possible-gop-senate-candidate/,general,8925,Black,28570,Gary W. Black,REP,38.0
143876,75432,2022,Alaska,1334,Alaska Survey Research,"","",Alaska Survey Research,155,Alaska Survey Research,B/C,947,rv,rv,Online,U.S. Senate,2,Class III,7/11/21,7/21/21,11/8/22,"",false,,,false,false,8/2/21 14:55,"",https://twitter.com/IvanMoore1/status/1422255867001413632?s=20,general,8918,Gray-Jackson,28561,Elvi Gray-Jackson,DEM,19.0
143876,75432,2022,Alaska,1334,Alaska Survey Research,"","",Alaska Survey Research,155,Alaska Survey Research,B/C,947,rv,rv,Online,U.S. Senate,2,Class III,7/11/21,7/21/21,11/8/22,"",false,,,false,false,8/2/21 14:55,"",https://twitter.com/IvanMoore1/status/1422255867001413632?s=20,general,8918,Tshibaka,21151,Kelly Tshibaka,REP,27.0
143876,75432,2022,Alaska,1334,Alaska Survey Research,"","",Alaska Survey Research,155,Alaska Survey Research,B/C,947,rv,rv,Online,U.S. Senate,2,Class III,7/11/21,7/21/21,11/8/22,"",false,,,false,false,8/2/21 14:55,"",https://twitter.com/IvanMoore1/status/1422255867001413632?s=20,general,8918,Murkowski,21152,Lisa Murkowski,REP,36.0
143876,75432,2022,Alaska,1334,Alaska Survey Research,"","",Alaska Survey Research,155,Alaska Survey Research,B/C,947,rv,rv,Online,U.S. Senate,2,Class III,7/11/21,7/21/21,11/8/22,"",false,,,false,false,8/2/21 14:55,"",https://twitter.com/IvanMoore1/status/1422255867001413632?s=20,general,8918,Miller,28562,Joe Miller,REP,18.0
143877,75432,2022,Alaska,1334,Alaska Survey Research,"","",Alaska Survey Research,155,Alaska Survey Research,B/C,947,rv,rv,Online,U.S. Senate,2,Class III,7/11/21,7/21/21,11/8/22,"",false,,,false,true,8/2/21 14:55,"",https://twitter.com/IvanMoore1/status/1422256460143087629?s=20,general,8918,Tshibaka,21151,Kelly Tshibaka,REP,45.0
143877,75432,2022,Alaska,1334,Alaska Survey Research,"","",Alaska Survey Research,155,Alaska Survey Research,B/C,947,rv,rv,Online,U.S. Senate,2,Class III,7/11/21,7/21/21,11/8/22,"",false,,,false,true,8/2/21 14:55,"",https://twitter.com/IvanMoore1/status/1422256460143087629?s=20,general,8918,Murkowski,21152,Lisa Murkowski,REP,55.0
143558,75265,2022,New Hampshire,525,University of New Hampshire,"","",University of New Hampshire,357,University of New Hampshire,B-,1540,lv,lv,Online,U.S. Senate,2,Class III,7/15/21,7/19/21,11/8/22,"",false,,,false,false,7/22/21 09:23,"",https://scholars.unh.edu/survey_center_polls/663/,general,8938,Hassan,18225,Margaret Wood Hassan,DEM,48.0
143558,75265,2022,New Hampshire,525,University of New Hampshire,"","",University of New Hampshire,357,University of New Hampshire,B-,1540,lv,lv,Online,U.S. Senate,2,Class III,7/15/21,7/19/21,11/8/22,"",false,,,false,false,7/22/21 09:23,"",https://scholars.unh.edu/survey_center_polls/663/,general,8938,Sununu,18226,Christopher Sununu,REP,49.0
143559,75265,2022,New Hampshire,525,University of New Hampshire,"","",University of New Hampshire,357,University of New Hampshire,B-,1540,lv,lv,Online,U.S. Senate,2,Class III,7/15/21,7/19/21,11/8/22,"",false,,,false,false,7/22/21 09:23,"",https://scholars.unh.edu/survey_center_polls/663/,general,8938,Hassan,18225,Margaret Wood Hassan,DEM,51.0
143559,75265,2022,New Hampshire,525,University of New Hampshire,"","",University of New Hampshire,357,University of New Hampshire,B-,1540,lv,lv,Online,U.S. Senate,2,Class III,7/15/21,7/19/21,11/8/22,"",false,,,false,false,7/22/21 09:23,"",https://scholars.unh.edu/survey_center_polls/663/,general,8938,Bolduc,18228,Don Bolduc,REP,41.0
143560,75265,2022,New Hampshire,525,University of New Hampshire,"","",University of New Hampshire,357,University of New Hampshire,B-,1540,lv,lv,Online,U.S. Senate,2,Class III,7/15/21,7/19/21,11/8/22,"",false,,,false,false,7/22/21 09:23,"",https://scholars.unh.edu/survey_center_polls/663/,general,8938,Hassan,18225,Margaret Wood Hassan,DEM,49.0
143560,75265,2022,New Hampshire,525,University of New Hampshire,"","",University of New Hampshire,357,University of New Hampshire,B-,1540,lv,lv,Online,U.S. Senate,2,Class III,7/15/21,7/19/21,11/8/22,"",false,,,false,false,7/22/21 09:23,"",https://scholars.unh.edu/survey_center_polls/663/,general,8938,Ayotte,18227,Kelly Ayotte,REP,45.0
142956,75004,2022,Florida,1677,The Political Matrix/The Listener Group,"","",The Political Matrix/The Listener Group,677,The Political Matrix/The Listener Group,,681,lv,lv,IVR,U.S. Senate,2,Class III,6/27/21,6/27/21,11/8/22,"",false,,,false,false,6/28/21 08:57,"",https://projects.fivethirtyeight.com/polls/20210628_FL_Listener.pdf,general,8924,Demings,25620,Val Demings,DEM,39.6
142956,75004,2022,Florida,1677,The Political Matrix/The Listener Group,"","",The Political Matrix/The Listener Group,677,The Political Matrix/The Listener Group,,681,lv,lv,IVR,U.S. Senate,2,Class III,6/27/21,6/27/21,11/8/22,"",false,,,false,false,6/28/21 08:57,"",https://projects.fivethirtyeight.com/polls/20210628_FL_Listener.pdf,general,8924,Rubio,25621,Marco Rubio,REP,60.4
143033,75035,2022,Colorado,178,Global Strategy Group,1286,Progress Now Colorado,Global Strategy Group,118,Global Strategy Group,B/C,800,rv,rv,Live Phone/Online,U.S. Senate,2,Class III,6/17/21,6/23/21,11/8/22,"",false,DEM,,false,false,7/7/21 09:05,"",https://www.globalstrategygroup.com/wp-content/uploads/2021/07/The-Rocky-Mountaineer-5th-Issue.pdf,general,8922,Bennet,28366,Michael F. Bennet,DEM,51.0
143033,75035,2022,Colorado,178,Global Strategy Group,1286,Progress Now Colorado,Global Strategy Group,118,Global Strategy Group,B/C,800,rv,rv,Live Phone/Online,U.S. Senate,2,Class III,6/17/21,6/23/21,11/8/22,"",false,DEM,,false,false,7/7/21 09:05,"",https://www.globalstrategygroup.com/wp-content/uploads/2021/07/The-Rocky-Mountaineer-5th-Issue.pdf,general,8922,Boebert,28367,Lauren Boebert,REP,38.0
142653,74872,2022,Washington,383,Public Policy Polling,618,Northwest Progressive Institute,Public Policy Polling,263,Public Policy Polling,A-,992,lv,lv,IVR/Text,U.S. Senate,2,Class III,5/25/21,5/26/21,11/8/22,"",false,,,false,false,6/1/21 09:25,"",https://www.nwprogressive.org/weblog/2021/05/senator-patty-murray-has-a-strong-early-lead-in-2022-u-s-senate-race-npi-poll-finds.html,general,8950,Murray,20850,Patty Murray,DEM,53.0
142653,74872,2022,Washington,383,Public Policy Polling,618,Northwest Progressive Institute,Public Policy Polling,263,Public Policy Polling,A-,992,lv,lv,IVR/Text,U.S. Senate,2,Class III,5/25/21,5/26/21,11/8/22,"",false,,,false,false,6/1/21 09:25,"",https://www.nwprogressive.org/weblog/2021/05/senator-patty-murray-has-a-strong-early-lead-in-2022-u-s-senate-race-npi-poll-finds.html,general,8950,Smiley,20851,Tiffany Smiley,REP,37.0
142708,74899,2022,Alaska,1365,Change Research,973,314 Action,Change Research,48,Change Research,B-,1023,lv,lv,Online/Text,U.S. Senate,2,Class III,5/22/21,5/25/21,11/8/22,"",false,DEM,,false,false,6/8/21 20:19,"",https://twitter.com/ChangePolls/status/1402371014324113411,general,8918,Gross,21150,Al Gross,DEM,25.0
142708,74899,2022,Alaska,1365,Change Research,973,314 Action,Change Research,48,Change Research,B-,1023,lv,lv,Online/Text,U.S. Senate,2,Class III,5/22/21,5/25/21,11/8/22,"",false,DEM,,false,false,6/8/21 20:19,"",https://twitter.com/ChangePolls/status/1402371014324113411,general,8918,Tshibaka,21151,Kelly Tshibaka,REP,39.0
142708,74899,2022,Alaska,1365,Change Research,973,314 Action,Change Research,48,Change Research,B-,1023,lv,lv,Online/Text,U.S. Senate,2,Class III,5/22/21,5/25/21,11/8/22,"",false,DEM,,false,false,6/8/21 20:19,"",https://twitter.com/ChangePolls/status/1402371014324113411,general,8918,Murkowski,21152,Lisa Murkowski,REP,19.0
142708,74899,2022,Alaska,1365,Change Research,973,314 Action,Change Research,48,Change Research,B-,1023,lv,lv,Online/Text,U.S. Senate,2,Class III,5/22/21,5/25/21,11/8/22,"",false,DEM,,false,false,6/8/21 20:19,"",https://twitter.com/ChangePolls/status/1402371014324113411,general,8918,Howe,21153,John Wayne Howe,AKI,4.0
142709,74899,2022,Alaska,1365,Change Research,973,314 Action,Change Research,48,Change Research,B-,1023,lv,lv,Online/Text,U.S. Senate,2,Class III,5/22/21,5/25/21,11/8/22,"",false,DEM,,false,true,6/8/21 20:19,"",https://twitter.com/ChangePolls/status/1402371191596257283,general,8918,Gross,21150,Al Gross,DEM,46.0
142709,74899,2022,Alaska,1365,Change Research,973,314 Action,Change Research,48,Change Research,B-,1023,lv,lv,Online/Text,U.S. Senate,2,Class III,5/22/21,5/25/21,11/8/22,"",false,DEM,,false,true,6/8/21 20:19,"",https://twitter.com/ChangePolls/status/1402371191596257283,general,8918,Tshibaka,21151,Kelly Tshibaka,REP,54.0
145688,76477,2022,Pennsylvania,172,Garin-Hart-Yang Research Group,1711,Collective Super PAC,Garin-Hart-Yang Research Group,113,Garin-Hart-Yang Research Group,B-,901,lv,lv,Live Phone,U.S. Senate,2,Class III,5/10/21,5/19/21,11/8/22,"",false,DEM,,false,false,9/28/21 11:08,"",https://www.insideelections.com/files/content/issues/Collective_PAC_PA_Poll_May_10-19.pdf,general,8945,Fetterman,20700,John Kart Fetterman,DEM,45.0
145688,76477,2022,Pennsylvania,172,Garin-Hart-Yang Research Group,1711,Collective Super PAC,Garin-Hart-Yang Research Group,113,Garin-Hart-Yang Research Group,B-,901,lv,lv,Live Phone,U.S. Senate,2,Class III,5/10/21,5/19/21,11/8/22,"",false,DEM,,false,false,9/28/21 11:08,"",https://www.insideelections.com/files/content/issues/Collective_PAC_PA_Poll_May_10-19.pdf,general,8945,Bartos,20701,Jeffrey A. Bartos,REP,36.0
145689,76477,2022,Pennsylvania,172,Garin-Hart-Yang Research Group,1711,Collective Super PAC,Garin-Hart-Yang Research Group,113,Garin-Hart-Yang Research Group,B-,901,lv,lv,Live Phone,U.S. Senate,2,Class III,5/10/21,5/19/21,11/8/22,"",false,DEM,,false,false,9/28/21 11:09,"",https://www.insideelections.com/files/content/issues/Collective_PAC_PA_Poll_May_10-19.pdf,general,8945,Fetterman,20700,John Kart Fetterman,DEM,42.0
145689,76477,2022,Pennsylvania,172,Garin-Hart-Yang Research Group,1711,Collective Super PAC,Garin-Hart-Yang Research Group,113,Garin-Hart-Yang Research Group,B-,901,lv,lv,Live Phone,U.S. Senate,2,Class III,5/10/21,5/19/21,11/8/22,"",false,DEM,,false,false,9/28/21 11:09,"",https://www.insideelections.com/files/content/issues/Collective_PAC_PA_Poll_May_10-19.pdf,general,8945,Parnell,20702,Richard Sean Parnell,REP,42.0
142454,74830,2022,Pennsylvania,1515,Data for Progress,"","",Data for Progress,522,Data for Progress,B,651,lv,lv,Online,U.S. Senate,2,Class III,5/7/21,5/14/21,11/8/22,John Kart Fetterman,true,DEM,,false,false,5/20/21 13:26,"",https://www.scribd.com/document/508616266/DFP-PA-General-Election,general,8945,Fetterman,20700,John Kart Fetterman,DEM,48.0
142454,74830,2022,Pennsylvania,1515,Data for Progress,"","",Data for Progress,522,Data for Progress,B,651,lv,lv,Online,U.S. Senate,2,Class III,5/7/21,5/14/21,11/8/22,John Kart Fetterman,true,DEM,,false,false,5/20/21 13:26,"",https://www.scribd.com/document/508616266/DFP-PA-General-Election,general,8945,Bartos,20701,Jeffrey A. Bartos,REP,38.0
142455,74830,2022,Pennsylvania,1515,Data for Progress,"","",Data for Progress,522,Data for Progress,B,651,lv,lv,Online,U.S. Senate,2,Class III,5/7/21,5/14/21,11/8/22,John Kart Fetterman,true,DEM,,false,false,5/20/21 13:27,"",https://www.scribd.com/document/508616266/DFP-PA-General-Election,general,8945,Fetterman,20700,John Kart Fetterman,DEM,48.0
142455,74830,2022,Pennsylvania,1515,Data for Progress,"","",Data for Progress,522,Data for Progress,B,651,lv,lv,Online,U.S. Senate,2,Class III,5/7/21,5/14/21,11/8/22,John Kart Fetterman,true,DEM,,false,false,5/20/21 13:27,"",https://www.scribd.com/document/508616266/DFP-PA-General-Election,general,8945,Parnell,20702,Richard Sean Parnell,REP,40.0
142330,74802,2022,Arizona,1293,OH Predictive Insights,"","",OH Predictive Insights,235,OH Predictive Insights,B/C,935,rv,rv,Online,U.S. Senate,2,Class III,5/3/21,5/5/21,11/8/22,"",false,,,false,false,5/13/21 10:17,"",https://f.hubspotusercontent40.net/hubfs/7453540/AZPOP/210503_AZPOP/Arizona%20Public%20Opinion%20Pulse%20(AZPOP)%20-%20Arizona%20Senate.pdf,general,8919,Kelly,20633,Mark Kelly,DEM,45.0
142330,74802,2022,Arizona,1293,OH Predictive Insights,"","",OH Predictive Insights,235,OH Predictive Insights,B/C,935,rv,rv,Online,U.S. Senate,2,Class III,5/3/21,5/5/21,11/8/22,"",false,,,false,false,5/13/21 10:17,"",https://f.hubspotusercontent40.net/hubfs/7453540/AZPOP/210503_AZPOP/Arizona%20Public%20Opinion%20Pulse%20(AZPOP)%20-%20Arizona%20Senate.pdf,general,8919,Yee,20634,Kimberly Yee,REP,35.0
142331,74802,2022,Arizona,1293,OH Predictive Insights,"","",OH Predictive Insights,235,OH Predictive Insights,B/C,935,rv,rv,Online,U.S. Senate,2,Class III,5/3/21,5/5/21,11/8/22,"",false,,,false,false,5/13/21 10:18,"",https://f.hubspotusercontent40.net/hubfs/7453540/AZPOP/210503_AZPOP/Arizona%20Public%20Opinion%20Pulse%20(AZPOP)%20-%20Arizona%20Senate.pdf,general,8919,Kelly,20633,Mark Kelly,DEM,43.0
142331,74802,2022,Arizona,1293,OH Predictive Insights,"","",OH Predictive Insights,235,OH Predictive Insights,B/C,935,rv,rv,Online,U.S. Senate,2,Class III,5/3/21,5/5/21,11/8/22,"",false,,,false,false,5/13/21 10:18,"",https://f.hubspotusercontent40.net/hubfs/7453540/AZPOP/210503_AZPOP/Arizona%20Public%20Opinion%20Pulse%20(AZPOP)%20-%20Arizona%20Senate.pdf,general,8919,McCain,20635,John Sidney McCain,REP,29.0
142332,74802,2022,Arizona,1293,OH Predictive Insights,"","",OH Predictive Insights,235,OH Predictive Insights,B/C,935,rv,rv,Online,U.S. Senate,2,Class III,5/3/21,5/5/21,11/8/22,"",false,,,false,false,5/13/21 10:19,"",https://f.hubspotusercontent40.net/hubfs/7453540/AZPOP/210503_AZPOP/Arizona%20Public%20Opinion%20Pulse%20(AZPOP)%20-%20Arizona%20Senate.pdf,general,8919,Kelly,20633,Mark Kelly,DEM,46.0
142332,74802,2022,Arizona,1293,OH Predictive Insights,"","",OH Predictive Insights,235,OH Predictive Insights,B/C,935,rv,rv,Online,U.S. Senate,2,Class III,5/3/21,5/5/21,11/8/22,"",false,,,false,false,5/13/21 10:19,"",https://f.hubspotusercontent40.net/hubfs/7453540/AZPOP/210503_AZPOP/Arizona%20Public%20Opinion%20Pulse%20(AZPOP)%20-%20Arizona%20Senate.pdf,general,8919,Lake,20636,Kari Lake,REP,35.0
142333,74802,2022,Arizona,1293,OH Predictive Insights,"","",OH Predictive Insights,235,OH Predictive Insights,B/C,935,rv,rv,Online,U.S. Senate,2,Class III,5/3/21,5/5/21,11/8/22,"",false,,,false,false,5/13/21 10:19,"",https://f.hubspotusercontent40.net/hubfs/7453540/AZPOP/210503_AZPOP/Arizona%20Public%20Opinion%20Pulse%20(AZPOP)%20-%20Arizona%20Senate.pdf,general,8919,Kelly,20633,Mark Kelly,DEM,47.0
142333,74802,2022,Arizona,1293,OH Predictive Insights,"","",OH Predictive Insights,235,OH Predictive Insights,B/C,935,rv,rv,Online,U.S. Senate,2,Class III,5/3/21,5/5/21,11/8/22,"",false,,,false,false,5/13/21 10:19,"",https://f.hubspotusercontent40.net/hubfs/7453540/AZPOP/210503_AZPOP/Arizona%20Public%20Opinion%20Pulse%20(AZPOP)%20-%20Arizona%20Senate.pdf,general,8919,Ward,20637,Kelli Ward,REP,36.0
142334,74802,2022,Arizona,1293,OH Predictive Insights,"","",OH Predictive Insights,235,OH Predictive Insights,B/C,935,rv,rv,Online,U.S. Senate,2,Class III,5/3/21,5/5/21,11/8/22,"",false,,,false,false,5/13/21 10:20,"",https://f.hubspotusercontent40.net/hubfs/7453540/AZPOP/210503_AZPOP/Arizona%20Public%20Opinion%20Pulse%20(AZPOP)%20-%20Arizona%20Senate.pdf,general,8919,Kelly,20633,Mark Kelly,DEM,47.0
142334,74802,2022,Arizona,1293,OH Predictive Insights,"","",OH Predictive Insights,235,OH Predictive Insights,B/C,935,rv,rv,Online,U.S. Senate,2,Class III,5/3/21,5/5/21,11/8/22,"",false,,,false,false,5/13/21 10:20,"",https://f.hubspotusercontent40.net/hubfs/7453540/AZPOP/210503_AZPOP/Arizona%20Public%20Opinion%20Pulse%20(AZPOP)%20-%20Arizona%20Senate.pdf,general,8919,Biggs,20638,Andy Biggs,REP,36.0
142335,74802,2022,Arizona,1293,OH Predictive Insights,"","",OH Predictive Insights,235,OH Predictive Insights,B/C,935,rv,rv,Online,U.S. Senate,2,Class III,5/3/21,5/5/21,11/8/22,"",false,,,false,false,5/13/21 10:22,"",https://f.hubspotusercontent40.net/hubfs/7453540/AZPOP/210503_AZPOP/Arizona%20Public%20Opinion%20Pulse%20(AZPOP)%20-%20Arizona%20Senate.pdf,general,8919,Kelly,20633,Mark Kelly,DEM,44.0
142335,74802,2022,Arizona,1293,OH Predictive Insights,"","",OH Predictive Insights,235,OH Predictive Insights,B/C,935,rv,rv,Online,U.S. Senate,2,Class III,5/3/21,5/5/21,11/8/22,"",false,,,false,false,5/13/21 10:22,"",https://f.hubspotusercontent40.net/hubfs/7453540/AZPOP/210503_AZPOP/Arizona%20Public%20Opinion%20Pulse%20(AZPOP)%20-%20Arizona%20Senate.pdf,general,8919,McGuire,20639,Michael T. McGuire,REP,35.0
142336,74802,2022,Arizona,1293,OH Predictive Insights,"","",OH Predictive Insights,235,OH Predictive Insights,B/C,935,rv,rv,Online,U.S. Senate,2,Class III,5/3/21,5/5/21,11/8/22,"",false,,,false,false,5/13/21 10:23,"",https://f.hubspotusercontent40.net/hubfs/7453540/AZPOP/210503_AZPOP/Arizona%20Public%20Opinion%20Pulse%20(AZPOP)%20-%20Arizona%20Senate.pdf,general,8919,Kelly,20633,Mark Kelly,DEM,46.0
142336,74802,2022,Arizona,1293,OH Predictive Insights,"","",OH Predictive Insights,235,OH Predictive Insights,B/C,935,rv,rv,Online,U.S. Senate,2,Class III,5/3/21,5/5/21,11/8/22,"",false,,,false,false,5/13/21 10:23,"",https://f.hubspotusercontent40.net/hubfs/7453540/AZPOP/210503_AZPOP/Arizona%20Public%20Opinion%20Pulse%20(AZPOP)%20-%20Arizona%20Senate.pdf,general,8919,Brnovich,20640,Mark Brnovich,REP,36.0
140660,74670,2022,Missouri,1056,Remington Research Group,421,Missouri Scout,Remington Research Group,279,Remington Research Group,B,936,lv,lv,IVR,U.S. Senate,2,Class III,4/7/21,4/8/21,11/8/22,"",false,,,false,false,4/19/21 09:15,"",https://projects.fivethirtyeight.com/polls/20210419_MO_Remington.pdf,general,8936,Sifton,19216,Scott Sifton,DEM,42.0
140660,74670,2022,Missouri,1056,Remington Research Group,421,Missouri Scout,Remington Research Group,279,Remington Research Group,B,936,lv,lv,IVR,U.S. Senate,2,Class III,4/7/21,4/8/21,11/8/22,"",false,,,false,false,4/19/21 09:15,"",https://projects.fivethirtyeight.com/polls/20210419_MO_Remington.pdf,general,8936,Greitens,19217,Eric Greitens,REP,49.0
140661,74670,2022,Missouri,1056,Remington Research Group,421,Missouri Scout,Remington Research Group,279,Remington Research Group,B,936,lv,lv,IVR,U.S. Senate,2,Class III,4/7/21,4/8/21,11/8/22,"",false,,,false,false,4/19/21 09:16,"",https://projects.fivethirtyeight.com/polls/20210419_MO_Remington.pdf,general,8936,Sifton,19216,Scott Sifton,DEM,39.0
140661,74670,2022,Missouri,1056,Remington Research Group,421,Missouri Scout,Remington Research Group,279,Remington Research Group,B,936,lv,lv,IVR,U.S. Senate,2,Class III,4/7/21,4/8/21,11/8/22,"",false,,,false,false,4/19/21 09:16,"",https://projects.fivethirtyeight.com/polls/20210419_MO_Remington.pdf,general,8936,Schmitt,19218,Eric Stephen Schmitt,REP,51.0
140662,74670,2022,Missouri,1056,Remington Research Group,421,Missouri Scout,Remington Research Group,279,Remington Research Group,B,936,lv,lv,IVR,U.S. Senate,2,Class III,4/7/21,4/8/21,11/8/22,"",false,,,false,false,4/19/21 09:16,"",https://projects.fivethirtyeight.com/polls/20210419_MO_Remington.pdf,general,8936,Nixon,19219,Jay Nixon,DEM,44.0
140662,74670,2022,Missouri,1056,Remington Research Group,421,Missouri Scout,Remington Research Group,279,Remington Research Group,B,936,lv,lv,IVR,U.S. Senate,2,Class III,4/7/21,4/8/21,11/8/22,"",false,,,false,false,4/19/21 09:16,"",https://projects.fivethirtyeight.com/polls/20210419_MO_Remington.pdf,general,8936,Greitens,19217,Eric Greitens,REP,48.0
140663,74670,2022,Missouri,1056,Remington Research Group,421,Missouri Scout,Remington Research Group,279,Remington Research Group,B,936,lv,lv,IVR,U.S. Senate,2,Class III,4/7/21,4/8/21,11/8/22,"",false,,,false,false,4/19/21 09:16,"",https://projects.fivethirtyeight.com/polls/20210419_MO_Remington.pdf,general,8936,Nixon,19219,Jay Nixon,DEM,42.0
140663,74670,2022,Missouri,1056,Remington Research Group,421,Missouri Scout,Remington Research Group,279,Remington Research Group,B,936,lv,lv,IVR,U.S. Senate,2,Class III,4/7/21,4/8/21,11/8/22,"",false,,,false,false,4/19/21 09:16,"",https://projects.fivethirtyeight.com/polls/20210419_MO_Remington.pdf,general,8936,Schmitt,19218,Eric Stephen Schmitt,REP,50.0
140470,74596,2022,Wisconsin,1365,Change Research,"","",Change Research,48,Change Research,B-,1723,lv,lv,Online,U.S. Senate,2,Class III,3/25/21,3/27/21,11/8/22,Tom Nelson,true,DEM,,false,false,4/2/21 10:55,"",https://twitter.com/AndrewSolender/status/1377295346196430852/photo/1,general,8951,Nelson,19210,Tom Nelson,DEM,48.0
140470,74596,2022,Wisconsin,1365,Change Research,"","",Change Research,48,Change Research,B-,1723,lv,lv,Online,U.S. Senate,2,Class III,3/25/21,3/27/21,11/8/22,Tom Nelson,true,DEM,,false,false,4/2/21 10:55,"",https://twitter.com/AndrewSolender/status/1377295346196430852/photo/1,general,8951,Johnson,19211,Ron Johnson,REP,44.0
140300,74544,2022,Ohio,383,Public Policy Polling,973,314 Action,Public Policy Polling,263,Public Policy Polling,A-,700,v,v,IVR/Text,U.S. Senate,2,Class III,3/18/21,3/19/21,11/8/22,"",false,DEM,,false,false,3/22/21 19:38,"",https://314action.org/wp-content/uploads/2021/03/OhioResults1-GE.pdf,general,8942,Acton,19163,Amy Leigh Acton,DEM,42.0
140300,74544,2022,Ohio,383,Public Policy Polling,973,314 Action,Public Policy Polling,263,Public Policy Polling,A-,700,v,v,IVR/Text,U.S. Senate,2,Class III,3/18/21,3/19/21,11/8/22,"",false,DEM,,false,false,3/22/21 19:38,"",https://314action.org/wp-content/uploads/2021/03/OhioResults1-GE.pdf,general,8942,Mandel,19164,Josh Mandel,REP,41.0
140301,74544,2022,Ohio,383,Public Policy Polling,973,314 Action,Public Policy Polling,263,Public Policy Polling,A-,700,v,v,IVR/Text,U.S. Senate,2,Class III,3/18/21,3/19/21,11/8/22,"",false,DEM,,false,false,3/22/21 19:39,"",https://314action.org/wp-content/uploads/2021/03/OhioResults1-GE.pdf,general,8942,Acton,19163,Amy Leigh Acton,DEM,40.0
140301,74544,2022,Ohio,383,Public Policy Polling,973,314 Action,Public Policy Polling,263,Public Policy Polling,A-,700,v,v,IVR/Text,U.S. Senate,2,Class III,3/18/21,3/19/21,11/8/22,"",false,DEM,,false,false,3/22/21 19:39,"",https://314action.org/wp-content/uploads/2021/03/OhioResults1-GE.pdf,general,8942,Timken,19165,Jane Timken,REP,40.0
140302,74544,2022,Ohio,383,Public Policy Polling,973,314 Action,Public Policy Polling,263,Public Policy Polling,A-,700,v,v,IVR/Text,U.S. Senate,2,Class III,3/18/21,3/19/21,11/8/22,"",false,DEM,,false,false,3/22/21 19:41,"",https://314action.org/wp-content/uploads/2021/03/OhioResults1-GE.pdf,general,8942,Acton,19163,Amy Leigh Acton,DEM,40.0
140302,74544,2022,Ohio,383,Public Policy Polling,973,314 Action,Public Policy Polling,263,Public Policy Polling,A-,700,v,v,IVR/Text,U.S. Senate,2,Class III,3/18/21,3/19/21,11/8/22,"",false,DEM,,false,false,3/22/21 19:41,"",https://314action.org/wp-content/uploads/2021/03/OhioResults1-GE.pdf,general,8942,Vance,19167,James David Vance,REP,38.0
140303,74544,2022,Ohio,383,Public Policy Polling,973,314 Action,Public Policy Polling,263,Public Policy Polling,A-,700,v,v,IVR/Text,U.S. Senate,2,Class III,3/18/21,3/19/21,11/8/22,"",false,DEM,,false,false,3/22/21 19:43,"",https://314action.org/wp-content/uploads/2021/03/OhioResults1-GE.pdf,general,8942,Ryan,19168,Tim Ryan,DEM,38.0
140303,74544,2022,Ohio,383,Public Policy Polling,973,314 Action,Public Policy Polling,263,Public Policy Polling,A-,700,v,v,IVR/Text,U.S. Senate,2,Class III,3/18/21,3/19/21,11/8/22,"",false,DEM,,false,false,3/22/21 19:43,"",https://314action.org/wp-content/uploads/2021/03/OhioResults1-GE.pdf,general,8942,Mandel,19164,Josh Mandel,REP,42.0
140304,74544,2022,Ohio,383,Public Policy Polling,973,314 Action,Public Policy Polling,263,Public Policy Polling,A-,700,v,v,IVR/Text,U.S. Senate,2,Class III,3/18/21,3/19/21,11/8/22,"",false,DEM,,false,false,3/22/21 19:43,"",https://314action.org/wp-content/uploads/2021/03/OhioResults1-GE.pdf,general,8942,Ryan,19168,Tim Ryan,DEM,38.0
140304,74544,2022,Ohio,383,Public Policy Polling,973,314 Action,Public Policy Polling,263,Public Policy Polling,A-,700,v,v,IVR/Text,U.S. Senate,2,Class III,3/18/21,3/19/21,11/8/22,"",false,DEM,,false,false,3/22/21 19:43,"",https://314action.org/wp-content/uploads/2021/03/OhioResults1-GE.pdf,general,8942,Timken,19165,Jane Timken,REP,41.0
140305,74544,2022,Ohio,383,Public Policy Polling,973,314 Action,Public Policy Polling,263,Public Policy Polling,A-,700,v,v,IVR/Text,U.S. Senate,2,Class III,3/18/21,3/19/21,11/8/22,"",false,DEM,,false,false,3/22/21 19:43,"",https://314action.org/wp-content/uploads/2021/03/OhioResults1-GE.pdf,general,8942,Ryan,19168,Tim Ryan,DEM,37.0
140305,74544,2022,Ohio,383,Public Policy Polling,973,314 Action,Public Policy Polling,263,Public Policy Polling,A-,700,v,v,IVR/Text,U.S. Senate,2,Class III,3/18/21,3/19/21,11/8/22,"",false,DEM,,false,false,3/22/21 19:43,"",https://314action.org/wp-content/uploads/2021/03/OhioResults1-GE.pdf,general,8942,Vance,19167,James David Vance,REP,39.0
140159,74487,2022,Georgia,1671,Trafalgar Group/InsiderAdvantage,432,Insider Advantage,Trafalgar Group/InsiderAdvantage,671,Trafalgar Group/InsiderAdvantage,,1093,lv,lv,IVR/Online/Text,U.S. Senate,2,Class III,3/7/21,3/9/21,11/8/22,"",false,,,false,false,3/12/21 09:24,"",https://drive.google.com/file/d/1skbdNwZQUMSjSUoZChPgAlrO9ZG5S4xp/view,general,8925,Warnock,19086,Raphael Warnock,DEM,45.8
140159,74487,2022,Georgia,1671,Trafalgar Group/InsiderAdvantage,432,Insider Advantage,Trafalgar Group/InsiderAdvantage,671,Trafalgar Group/InsiderAdvantage,,1093,lv,lv,IVR/Online/Text,U.S. Senate,2,Class III,3/7/21,3/9/21,11/8/22,"",false,,,false,false,3/12/21 09:24,"",https://drive.google.com/file/d/1skbdNwZQUMSjSUoZChPgAlrO9ZG5S4xp/view,general,8925,Collins,19087,Doug Collins,REP,45.2
140160,74487,2022,Georgia,1671,Trafalgar Group/InsiderAdvantage,432,Insider Advantage,Trafalgar Group/InsiderAdvantage,671,Trafalgar Group/InsiderAdvantage,,1093,lv,lv,IVR/Online/Text,U.S. Senate,2,Class III,3/7/21,3/9/21,11/8/22,"",false,,,false,false,3/12/21 09:24,"",https://drive.google.com/file/d/1skbdNwZQUMSjSUoZChPgAlrO9ZG5S4xp/view,general,8925,Warnock,19086,Raphael Warnock,DEM,45.5
140160,74487,2022,Georgia,1671,Trafalgar Group/InsiderAdvantage,432,Insider Advantage,Trafalgar Group/InsiderAdvantage,671,Trafalgar Group/InsiderAdvantage,,1093,lv,lv,IVR/Online/Text,U.S. Senate,2,Class III,3/7/21,3/9/21,11/8/22,"",false,,,false,false,3/12/21 09:24,"",https://drive.google.com/file/d/1skbdNwZQUMSjSUoZChPgAlrO9ZG5S4xp/view,general,8925,Walker,19088,Herschel Walker,REP,47.7
140161,74487,2022,Georgia,1671,Trafalgar Group/InsiderAdvantage,432,Insider Advantage,Trafalgar Group/InsiderAdvantage,671,Trafalgar Group/InsiderAdvantage,,1093,lv,lv,IVR/Online/Text,U.S. Senate,2,Class III,3/7/21,3/9/21,11/8/22,"",false,,,false,false,3/12/21 09:26,"",https://drive.google.com/file/d/1skbdNwZQUMSjSUoZChPgAlrO9ZG5S4xp/view,general,8925,Warnock,19086,Raphael Warnock,DEM,45.6
140161,74487,2022,Georgia,1671,Trafalgar Group/InsiderAdvantage,432,Insider Advantage,Trafalgar Group/InsiderAdvantage,671,Trafalgar Group/InsiderAdvantage,,1093,lv,lv,IVR/Online/Text,U.S. Senate,2,Class III,3/7/21,3/9/21,11/8/22,"",false,,,false,false,3/12/21 09:26,"",https://drive.google.com/file/d/1skbdNwZQUMSjSUoZChPgAlrO9ZG5S4xp/view,general,8925,Loeffler,19089,Kelly Loeffler,REP,40.9
140137,74471,2022,New Hampshire,446,Saint Anselm College,"","",Saint Anselm College,494,Saint Anselm College,A/B,871,rv,rv,Online,U.S. Senate,2,Class III,3/4/21,3/6/21,11/8/22,"",false,,,false,false,3/10/21 21:22,"",https://www.anselm.edu/sites/default/files/Images/NHIOP/SACSurveyBook321.pdf,general,8938,Hassan,18225,Margaret Wood Hassan,DEM,41.0
140137,74471,2022,New Hampshire,446,Saint Anselm College,"","",Saint Anselm College,494,Saint Anselm College,A/B,871,rv,rv,Online,U.S. Senate,2,Class III,3/4/21,3/6/21,11/8/22,"",false,,,false,false,3/10/21 21:22,"",https://www.anselm.edu/sites/default/files/Images/NHIOP/SACSurveyBook321.pdf,general,8938,Sununu,18226,Christopher Sununu,REP,47.0
139929,74407,2022,New Hampshire,525,University of New Hampshire,"","",University of New Hampshire,357,University of New Hampshire,B-,1676,lv,lv,Online,U.S. Senate,2,Class III,2/18/21,2/22/21,11/8/22,"",false,,,false,false,2/25/21 09:36,"",https://scholars.unh.edu/survey_center_polls/639/,general,8938,Hassan,18225,Margaret Wood Hassan,DEM,46.0
139929,74407,2022,New Hampshire,525,University of New Hampshire,"","",University of New Hampshire,357,University of New Hampshire,B-,1676,lv,lv,Online,U.S. Senate,2,Class III,2/18/21,2/22/21,11/8/22,"",false,,,false,false,2/25/21 09:36,"",https://scholars.unh.edu/survey_center_polls/639/,general,8938,Sununu,18226,Christopher Sununu,REP,48.0
139930,74407,2022,New Hampshire,525,University of New Hampshire,"","",University of New Hampshire,357,University of New Hampshire,B-,1676,lv,lv,Online,U.S. Senate,2,Class III,2/18/21,2/22/21,11/8/22,"",false,,,false,false,2/25/21 09:36,"",https://scholars.unh.edu/survey_center_polls/639/,general,8938,Hassan,18225,Margaret Wood Hassan,DEM,48.0
139930,74407,2022,New Hampshire,525,University of New Hampshire,"","",University of New Hampshire,357,University of New Hampshire,B-,1676,lv,lv,Online,U.S. Senate,2,Class III,2/18/21,2/22/21,11/8/22,"",false,,,false,false,2/25/21 09:36,"",https://scholars.unh.edu/survey_center_polls/639/,general,8938,Ayotte,18227,Kelly Ayotte,REP,43.0
139931,74407,2022,New Hampshire,525,University of New Hampshire,"","",University of New Hampshire,357,University of New Hampshire,B-,1676,lv,lv,Online,U.S. Senate,2,Class III,2/18/21,2/22/21,11/8/22,"",false,,,false,false,2/25/21 09:37,"",https://scholars.unh.edu/survey_center_polls/639/,general,8938,Hassan,18225,Margaret Wood Hassan,DEM,52.0
139931,74407,2022,New Hampshire,525,University of New Hampshire,"","",University of New Hampshire,357,University of New Hampshire,B-,1676,lv,lv,Online,U.S. Senate,2,Class III,2/18/21,2/22/21,11/8/22,"",false,,,false,false,2/25/21 09:37,"",https://scholars.unh.edu/survey_center_polls/639/,general,8938,Bolduc,18228,Don Bolduc,REP,39.0
139932,74407,2022,New Hampshire,525,University of New Hampshire,"","",University of New Hampshire,357,University of New Hampshire,B-,1676,lv,lv,Online,U.S. Senate,2,Class III,2/18/21,2/22/21,11/8/22,"",false,,,false,false,2/25/21 09:37,"",https://scholars.unh.edu/survey_center_polls/639/,general,8938,Hassan,18225,Margaret Wood Hassan,DEM,53.0
139932,74407,2022,New Hampshire,525,University of New Hampshire,"","",University of New Hampshire,357,University of New Hampshire,B-,1676,lv,lv,Online,U.S. Senate,2,Class III,2/18/21,2/22/21,11/8/22,"",false,,,false,false,2/25/21 09:37,"",https://scholars.unh.edu/survey_center_polls/639/,general,8938,Lewandowski,18229,Corey Lewandowski,REP,34.0
139357,74205,2022,Missouri,1515,Data for Progress,236,MoveOn,Data for Progress,522,Data for Progress,B,571,lv,lv,Online,U.S. Senate,2,Class III,1/10/21,1/12/21,11/8/22,"",false,DEM,,false,false,1/20/21 13:38,"",https://www.filesforprogress.org/datasets/2021/1/dfp-moveon-missouri-hawley-resignation-polling.pdf,general,8936,Kander,16627,Jason Kander,DEM,44.0
139357,74205,2022,Missouri,1515,Data for Progress,236,MoveOn,Data for Progress,522,Data for Progress,B,571,lv,lv,Online,U.S. Senate,2,Class III,1/10/21,1/12/21,11/8/22,"",false,DEM,,false,false,1/20/21 13:38,"",https://www.filesforprogress.org/datasets/2021/1/dfp-moveon-missouri-hawley-resignation-polling.pdf,general,8936,Blunt,16628,Roy Blunt,REP,45.0
139460,69647,2022,Vermont,67,Braun Research,"475,1094",Vermont Public Radio | Vermont PBS,Braun Research,33,Braun Research,B/C,604,rv,rv,Live Phone,U.S. Senate,2,Class III,9/3/20,9/15/20,11/8/22,"",false,,,false,false,1/27/21 13:16,"",http://projects.vpr.org/vpr-vermont-pbs-2020-polls-september,general,8949,Leahy,16692,Patrick J. Leahy,DEM,38.0
139460,69647,2022,Vermont,67,Braun Research,"475,1094",Vermont Public Radio | Vermont PBS,Braun Research,33,Braun Research,B/C,604,rv,rv,Live Phone,U.S. Senate,2,Class III,9/3/20,9/15/20,11/8/22,"",false,,,false,false,1/27/21 13:16,"",http://projects.vpr.org/vpr-vermont-pbs-2020-polls-september,general,8949,Scott,16693,Phillip B. Scott,REP,41.0
